{
    "detections": [
        {
            "detected": false
        },
        {
            "detected": false
        },
        {
            "detected": false
        },
        {
            "bearing": -0.18660619942877468,
            "detected": true,
            "distToCenter": 88.25484466552734,
            "id": 4,
            "range": 1.5504128731987945,
            "x": -0.2927222804676082,
            "y": 0.16546534163669022,
            "z": -1.5504128731987945
        }
    ]
}